{
    "locks": [],
    "bright": [
        [
            787249367.995,
            787250429.995
        ],
        [
            941364987.995,
            941366309.995
        ],
        [
            945340162.995,
            945341380.995
        ],
        [
            972373772.995,
            972374860.995
        ],
        [
            973065786.995,
            973067435.995
        ]
    ],
    "flares": {
        "quiesent": [],
        "flaring": []
    },
    "FUV": {
        "t1": [
            753660409.995,
            753666327.995,
            753672245.995,
            753678163.995,
            753684080.995,
            787250429.995,
            844810690.995,
            844839227.995,
            845609518.995,
            845686424.995,
            845781076.995,
            847029374.995,
            847076703.995,
            847301508.995,
            847443480.995,
            847555869.995,
            847674088.995,
            847827950.995,
            847968678.995,
            848389762.995,
            909586876.995,
            909592791.995,
            911290977.995
        ],
        "expt": 29803.0,
        "nearest_source": {
            "mag": 25.32761,
            "distance": 0.0004222293649830207,
            "skypos": [
                36.1976132827811,
                -3.38322113888114
            ]
        },
        "t0": [
            753658915.995,
            753665000.995,
            753671009.995,
            753676458.995,
            753682376.995,
            787249367.995,
            844810155.995,
            844838765.995,
            845608950.995,
            845685566.995,
            845780271.995,
            847027683.995,
            847075010.995,
            847299806.995,
            847441801.995,
            847554169.995,
            847672478.995,
            847826284.995,
            847968567.995,
            848388420.995,
            909585229.995,
            909591145.995,
            911289417.995
        ]
    },
    "NUV": {
        "t1": [
            753660409.995,
            753666327.995,
            753672245.995,
            753678163.995,
            753684080.995,
            787250429.995,
            844810690.995,
            844839227.995,
            845609518.995,
            845686424.995,
            845781076.995,
            847029374.995,
            847076703.995,
            847301508.995,
            847443480.995,
            847555869.995,
            847674088.995,
            847827950.995,
            847968678.995,
            848389762.995,
            909586876.995,
            909592791.995,
            911290976.995,
            940591330.995,
            940762843.995,
            940934376.995,
            941366309.995,
            941537953.995,
            941709598.995,
            941881223.995,
            942052819.995,
            942224387.995,
            944312347.995,
            944489762.995,
            944661259.995,
            944832752.995,
            945004248.995,
            945169843.995,
            945341380.995,
            972037878.995,
            972374860.995,
            972552721.995,
            972724318.995,
            972895888.995,
            973067435.995,
            973238968.995,
            973410489.995,
            973587921.995
        ],
        "expt": 67427.0,
        "nearest_source": {
            "mag": 22.4502,
            "distance": 0.0004222293649830207,
            "skypos": [
                36.1976132827811,
                -3.38322113888114
            ]
        },
        "t0": [
            753658915.995,
            753665000.995,
            753671009.995,
            753676458.995,
            753682376.995,
            787249367.995,
            844810155.995,
            844838765.995,
            845608950.995,
            845685566.995,
            845780271.995,
            847027683.995,
            847075010.995,
            847299806.995,
            847441801.995,
            847554169.995,
            847672478.995,
            847826284.995,
            847968567.995,
            848388420.995,
            909585229.995,
            909591145.995,
            911289417.995,
            940589777.995,
            940761437.995,
            940932918.995,
            941364987.995,
            941536604.995,
            941708183.995,
            941879729.995,
            942051253.995,
            942222764.995,
            944310654.995,
            944488094.995,
            944659633.995,
            944831190.995,
            945002778.995,
            945168487.995,
            945340162.995,
            972036490.995,
            972373772.995,
            972551240.995,
            972722770.995,
            972894282.995,
            973065786.995,
            973237286.995,
            973408791.995,
            973586215.995
        ]
    },
    "bright_contents": [
        "quiesent",
        "quiesent",
        "quiesent",
        "quiesent",
        "quiesent"
    ],
    "aperture": {
        "ann": [
            0.005,
            0.006
        ],
        "rad": 0.0045
    },
    "distance": 542.9710499113561
}