{
    "locks": [],
    "bright": [
        [
            802385801.995,
            802386828.995
        ],
        [
            806675642.995,
            806676833.995
        ],
        [
            929598469.995,
            929599902.995
        ],
        [
            930296973.995,
            930298044.995
        ],
        [
            991378738.995,
            991379988.995
        ]
    ],
    "flares": {
        "quiesent": [],
        "flaring": []
    },
    "FUV": {
        "t1": [
            806777432.995,
            806783350.995,
            837201727.995,
            837473856.995,
            837728099.995,
            837953279.995,
            925884955.995,
            926092123.995,
            926263780.995,
            926429498.995,
            926601107.995
        ],
        "expt": 14283.0,
        "nearest_source": {
            "mag": 23.44269,
            "distance": 5.7186479703403564e-05,
            "skypos": [
                244.545992939905,
                55.6965770484706
            ]
        },
        "t0": [
            806776107.995,
            806782028.995,
            837200353.995,
            837472741.995,
            837727105.995,
            837952061.995,
            925883687.995,
            926090824.995,
            926262407.995,
            926428044.995,
            926599566.995
        ]
    },
    "NUV": {
        "t1": [
            799032319.995,
            799144376.995,
            799239432.995,
            802221158.995,
            802274406.995,
            802386828.995,
            806292277.995,
            806381013.995,
            806434256.995,
            806611746.995,
            806676833.995,
            806777432.995,
            806783350.995,
            837201727.995,
            837473856.995,
            837728099.995,
            837953279.995,
            925884955.995,
            926092123.995,
            926263780.995,
            926429498.995,
            926601106.995,
            929599902.995,
            929777331.995,
            929937043.995,
            930114550.995,
            930298044.995,
            930475664.995,
            956924334.995,
            957308995.995,
            957480570.995,
            960845907.995,
            961017527.995,
            961165521.995,
            987429106.995,
            987600706.995,
            987772314.995,
            988871748.995,
            989049511.995,
            989214618.995,
            991379988.995,
            991734910.995
        ],
        "expt": 50145.0,
        "nearest_source": {
            "mag": 20.30201,
            "distance": 5.7186479703403564e-05,
            "skypos": [
                244.545992939905,
                55.6965770484706
            ]
        },
        "t0": [
            799032037.995,
            799143354.995,
            799237787.995,
            802220139.995,
            802273291.995,
            802385801.995,
            806291604.995,
            806380206.995,
            806432939.995,
            806610520.995,
            806675642.995,
            806776107.995,
            806782028.995,
            837200353.995,
            837472741.995,
            837727105.995,
            837952061.995,
            925883687.995,
            926090824.995,
            926262407.995,
            926428044.995,
            926599566.995,
            929598469.995,
            929775990.995,
            929935826.995,
            930113448.995,
            930296973.995,
            930474516.995,
            956922964.995,
            957307464.995,
            957478975.995,
            960844771.995,
            961016463.995,
            961164439.995,
            987427705.995,
            987599302.995,
            987770869.995,
            988870868.995,
            989048282.995,
            989213880.995,
            991378738.995,
            991733808.995
        ]
    },
    "bright_contents": [
        "quiesent",
        "quiesent",
        "dubious",
        "quiesent",
        "quiesent"
    ],
    "aperture": {
        "ann": [
            0.005,
            0.006
        ],
        "rad": 0.0045
    }
}