{
    "NUV": {
        "expt": 29554.0,
        "t0": [
            925504857.995,
            925984302.995,
            926197328.995,
            926368913.995,
            929255285.995,
            929545207.995,
            929716801.995,
            929971349.995,
            952557210.995,
            952728761.995,
            952865271.995,
            953071814.995,
            953243337.995,
            953397117.995,
            956331157.995,
            956485035.995,
            956674428.995,
            956828292.995,
            984002821.995,
            984174360.995
        ],
        "t1": [
            925506273.995,
            925985575.995,
            926198670.995,
            926370317.995,
            929256906.995,
            929546677.995,
            929718185.995,
            929972540.995,
            952558835.995,
            952730404.995,
            952866467.995,
            953073506.995,
            953245041.995,
            953398823.995,
            956332600.995,
            956486414.995,
            956675764.995,
            956829638.995,
            984004526.995,
            984176038.995
        ],
        "nearest_source": {
            "mag": 22.41379,
            "skypos": [
                212.502418247804,
                52.4151719201309
            ],
            "distance": 0.00012856254889188128
        }
    },
    "FUV": {
        "expt": 5436.0,
        "t0": [
            925504857.995,
            925984302.995,
            926197328.995,
            926368913.995
        ],
        "t1": [
            925506273.995,
            925985575.995,
            926198670.995,
            926370318.995
        ],
        "nearest_source": {
            "mag": 23.78649,
            "skypos": [
                212.501041679614,
                52.4174320298257
            ],
            "distance": 0.0022873359459719034
        }
    },
    "aperture": {
        "rad": 0.0045,
        "ann": [
            0.005,
            0.006
        ]
    },
    "locks": [],
    "flares": {
        "quiesent": [],
        "flaring": []
    },
    "bright": [
        [
            925504857.995,
            925506273.995
        ],
        [
            929545207.995,
            929546677.995
        ],
        [
            952728761.995,
            952730404.995
        ],
        [
            956674428.995,
            956675764.995
        ],
        [
            984174360.995,
            984176038.995
        ]
    ],
    "bright_contents": [
        "quiesent",
        "quiesent",
        "quiesent",
        "quiesent",
        "flare"
    ]
}