{
    "NUV": {
        "expt": 37128.0,
        "t0": [
            844715044.995,
            847969459.995,
            848199089.995,
            911318987.995,
            940619310.995,
            940790892.995,
            940962510.995,
            941394941.995,
            941566402.995,
            941737853.995,
            941909303.995,
            942080825.995,
            942252339.995,
            944340227.995,
            944517668.995,
            945032420.995,
            945198082.995,
            945369790.995,
            972066443.995,
            972220218.995,
            972403374.995,
            972563070.995,
            972752347.995,
            972923852.995,
            973095355.995,
            973266856.995,
            973438361.995,
            973615786.995
        ],
        "t1": [
            844715993.995,
            847969575.995,
            848199506.995,
            911320560.995,
            940620901.995,
            940792417.995,
            940963953.995,
            941395901.995,
            941567547.995,
            941739190.995,
            941910811.995,
            942082402.995,
            942253966.995,
            944341916.995,
            944519331.995,
            945033816.995,
            945199416.995,
            945370960.995,
            972066641.995,
            972221321.995,
            972404779.995,
            972564557.995,
            972753900.995,
            972925466.995,
            973097012.995,
            973268541.995,
            973440061.995,
            973617492.995
        ],
        "nearest_source": {
            "mag": 22.67178,
            "skypos": [
                36.0164044925012,
                -5.26759265642202
            ],
            "distance": 9.276435199449247e-05
        }
    },
    "FUV": {
        "expt": 3056.0,
        "t0": [
            844715044.995,
            847969459.995,
            848199089.995,
            911318987.995
        ],
        "t1": [
            844715993.995,
            847969575.995,
            848199506.995,
            911320561.995
        ],
        "nearest_source": {
            "mag": 24.42317,
            "skypos": [
                36.0164044925012,
                -5.26759265642202
            ],
            "distance": 9.276435199449247e-05
        }
    },
    "flare": {
        "reject": 0,
        "t_quiesent": -1,
        "t_start": -1,
        "t_end": -1
    },
    "aperture": {
        "rad": 0.0045,
        "ann": [
            0.005,
            0.006
        ]
    }
}