{
    "locks": [],
    "bright": [
        [
            741016139.995,
            741017208.995
        ],
        [
            741075389.995,
            741076441.995
        ],
        [
            741158280.995,
            741159376.995
        ],
        [
            987770869.995,
            987772314.995
        ],
        [
            991733808.995,
            991734910.995
        ]
    ],
    "flares": {
        "quiesent": [],
        "flaring": []
    },
    "FUV": {
        "t1": [
            741011285.995,
            741017208.995,
            741029054.995,
            741034977.995,
            741046824.995,
            741058670.995,
            741076441.995,
            741088288.995,
            741111984.995,
            741123832.995,
            741141604.995,
            741159376.995,
            741194918.995,
            741200839.995,
            741218612.995,
            774070592.995,
            837195812.995,
            837408083.995,
            837443594.995,
            837621788.995,
            867860741.995,
            867878484.995,
            867884399.995,
            867967202.995,
            868050008.995,
            868132820.995,
            868227468.995,
            868404965.995,
            925884955.995,
            926092123.995,
            926263780.995,
            926429498.995,
            926601107.995
        ],
        "expt": 35907.0,
        "nearest_source": {
            "mag": 23.49311,
            "distance": 0.004564028645830427,
            "skypos": [
                243.819862660905,
                55.3793615880842
            ]
        },
        "t0": [
            741010215.995,
            741016139.995,
            741027984.995,
            741033908.995,
            741045760.995,
            741057601.995,
            741075389.995,
            741087220.995,
            741110905.995,
            741122749.995,
            741140515.995,
            741158280.995,
            741193808.995,
            741199729.995,
            741217492.995,
            774070416.995,
            837194350.995,
            837407997.995,
            837443507.995,
            837620532.995,
            867859191.995,
            867877355.995,
            867883483.995,
            867966132.995,
            868048774.995,
            868131421.995,
            868226299.995,
            868403745.995,
            925883687.995,
            926090824.995,
            926262407.995,
            926428044.995,
            926599566.995
        ]
    },
    "NUV": {
        "t1": [
            741011285.995,
            741017208.995,
            741029054.995,
            741034977.995,
            741046824.995,
            741058670.995,
            741076441.995,
            741088288.995,
            741111984.995,
            741123832.995,
            741141604.995,
            741159376.995,
            768413156.995,
            774070592.995,
            798813330.995,
            799214787.995,
            799280791.995,
            799415364.995,
            802303989.995,
            837195812.995,
            837408083.995,
            837443594.995,
            837621788.995,
            867860741.995,
            867878484.995,
            867884399.995,
            867967202.995,
            868050008.995,
            868132820.995,
            868227468.995,
            868404965.995,
            925884955.995,
            926092123.995,
            926263780.995,
            926429498.995,
            926601106.995,
            929599902.995,
            929777331.995,
            929937043.995,
            930114550.995,
            930298044.995,
            930475664.995,
            956924334.995,
            957308995.995,
            957480570.995,
            960845907.995,
            961017527.995,
            961165521.995,
            987429106.995,
            987600706.995,
            987772314.995,
            988871748.995,
            989049511.995,
            989214618.995,
            991379988.995,
            991734910.995
        ],
        "expt": 62120.0,
        "nearest_source": {
            "mag": 24.08051,
            "distance": 0.00038554784217347644,
            "skypos": [
                243.820151578997,
                55.3750245476623
            ]
        },
        "t0": [
            741010215.995,
            741016139.995,
            741027984.995,
            741033908.995,
            741045760.995,
            741057601.995,
            741075389.995,
            741087220.995,
            741110905.995,
            741122749.995,
            741140515.995,
            741158280.995,
            768413051.995,
            774070416.995,
            798811822.995,
            799214245.995,
            799279215.995,
            799415257.995,
            802302812.995,
            837194350.995,
            837407997.995,
            837443507.995,
            837620532.995,
            867859191.995,
            867877355.995,
            867883483.995,
            867966132.995,
            868048774.995,
            868131421.995,
            868226299.995,
            868403745.995,
            925883687.995,
            926090824.995,
            926262407.995,
            926428044.995,
            926599566.995,
            929598469.995,
            929775990.995,
            929935826.995,
            930113448.995,
            930296973.995,
            930474516.995,
            956922964.995,
            957307464.995,
            957478975.995,
            960844771.995,
            961016463.995,
            961164439.995,
            987427705.995,
            987599302.995,
            987770869.995,
            988870868.995,
            989048282.995,
            989213880.995,
            991378738.995,
            991733808.995
        ]
    },
    "bright_contents": [
        "quiesent",
        "quiesent",
        "quiesent",
        "quiesent",
        "quiesent"
    ],
    "aperture": {
        "ann": [
            0.005,
            0.006
        ],
        "rad": 0.0045
    }
}