t0,t1,t_mean,t0_data,t1_data,cps_bgsub,cps_bgsub_err,flux_bgsub,flux_bgsub_err,mag_bgsub,mag_bgsub_err_1,mag_bgsub_err_2,cps_mcatbgsub,cps_mcatbgsub_err,flux_mcatbgsub,flux_mcatbgsub_err,mag_mcatbgsub,mag_mcatbgsub_err_1,mag_mcatbgsub_err_2,cps,cps_err,flux,flux_err,mag,mag_err_1,mag_err_2,counts,flat_counts,bg_counts,bg_flat_counts,exptime,bg,mcat_bg,responses,detxs,detys,detrad,racent,deccent,q_mean,flags
848407481.99,848407486.99,848407484.8633333,848407484.44,848407485.45,0.7431273012075376,0.4089121500011654,1.5308422404875274e-16,8.423590290024007e-17,20.40234195793938,0.47601033697003103,0.8675927066219309,-0.31730922342243406,0.6370362769254089,-6.536570002502141e-17,1.3122947304663422e-16,,,,0.7431273012075376,0.4089121500011654,1.5308422404875274e-16,8.423590290024007e-17,20.40234195793938,0.47601033697003103,0.8675927066219309,3.0,3.30267929493269,0.0012861889554187655,5e-324,4.444298156676566,0.0,4.7128960916854865,0.908380279455235,420.5802001953125,730.4865112304688,331.1266808116886,35.150994736255136,-3.637412315488657,8.0,32.0
