{
    "locks": [],
    "bright": [
        [
            848407481.995,
            848407486.995
        ],
        [
            848435854.995,
            848437090.995
        ],
        [
            941714112.995,
            941715515.995
        ],
        [
            941885644.995,
            941887140.995
        ],
        [
            972385600.995,
            972387024.995
        ]
    ],
    "flares": {
        "quiesent": [],
        "flaring": []
    },
    "FUV": {
        "t1": [
            782599305.995,
            782664402.995,
            782670320.995,
            784505058.995,
            784913329.995,
            787309641.995,
            813303114.995,
            816546538.995,
            816617517.995,
            816664502.995,
            816752920.995,
            845603564.995,
            845692340.995,
            845769245.995,
            846916963.995,
            846993846.995,
            847011625.995,
            847035287.995,
            847058955.995,
            847088456.995,
            847147696.995,
            847177070.995,
            847236435.995,
            847390212.995,
            847461226.995,
            847508037.995,
            847573606.995,
            847839741.995,
            847904840.995,
            847968827.995,
            848353469.995,
            848407483.995,
            848437090.995,
            909492253.995,
            909498167.995,
            911296893.995
        ],
        "expt": 43111.0,
        "nearest_source": {
            "mag": 25.33383,
            "distance": 6.572394616125066e-05,
            "skypos": [
                35.150839678462,
                -3.63504754444397
            ]
        },
        "t0": [
            782597836.995,
            782662959.995,
            782668879.995,
            784503577.995,
            784911633.995,
            787308587.995,
            813302471.995,
            816544832.995,
            816615821.995,
            816663148.995,
            816751909.995,
            845602910.995,
            845691641.995,
            845768221.995,
            846915279.995,
            846993599.995,
            847009935.995,
            847033706.995,
            847057751.995,
            847087597.995,
            847146010.995,
            847176216.995,
            847234734.995,
            847389232.995,
            847459523.995,
            847507784.995,
            847571915.995,
            847838125.995,
            847903217.995,
            847968712.995,
            848353338.995,
            848407482.995,
            848435853.995,
            909490578.995,
            909496494.995,
            911295357.995
        ]
    },
    "NUV": {
        "t1": [
            782599305.995,
            782664402.995,
            782670320.995,
            784505058.995,
            784913329.995,
            787309641.995,
            813303114.995,
            816546538.995,
            816617517.995,
            816664502.995,
            816752920.995,
            845603564.995,
            845692340.995,
            845769245.995,
            846916963.995,
            846993846.995,
            847011625.995,
            847035287.995,
            847058955.995,
            847088456.995,
            847147696.995,
            847177070.995,
            847236435.995,
            847390212.995,
            847461226.995,
            847508037.995,
            847573606.995,
            847839741.995,
            847904840.995,
            847968827.995,
            848353469.995,
            848407483.995,
            848437090.995,
            909492253.995,
            909498167.995,
            911296892.995,
            940768757.995,
            940940290.995,
            941372226.995,
            941543871.995,
            941715515.995,
            941887140.995,
            942058735.995,
            942230302.995,
            944318260.995,
            944495675.995,
            944667171.995,
            944838664.995,
            945010161.995,
            945175757.995,
            945347295.995,
            972043795.995,
            972048573.995,
            972387024.995,
            972730233.995,
            972901802.995,
            973073350.995,
            973244881.995,
            973416402.995,
            973593834.995
        ],
        "expt": 76829.0,
        "nearest_source": {
            "mag": 23.76087,
            "distance": 6.572394616125066e-05,
            "skypos": [
                35.150839678462,
                -3.63504754444397
            ]
        },
        "t0": [
            782597836.995,
            782662959.995,
            782668879.995,
            784503577.995,
            784911633.995,
            787308587.995,
            813302471.995,
            816544832.995,
            816615821.995,
            816663148.995,
            816751909.995,
            845602910.995,
            845691641.995,
            845768221.995,
            846915279.995,
            846993599.995,
            847009935.995,
            847033706.995,
            847057751.995,
            847087597.995,
            847146010.995,
            847176216.995,
            847234734.995,
            847389232.995,
            847459523.995,
            847507784.995,
            847571915.995,
            847838125.995,
            847903217.995,
            847968712.995,
            848353338.995,
            848407482.995,
            848435853.995,
            909490578.995,
            909496494.995,
            911295357.995,
            940767248.995,
            940938837.995,
            941370905.995,
            941542549.995,
            941714112.995,
            941885644.995,
            942057168.995,
            942228678.995,
            944316597.995,
            944494034.995,
            944666772.995,
            944837131.995,
            945008703.995,
            945174432.995,
            945346107.995,
            972042423.995,
            972048341.995,
            972385600.995,
            972728709.995,
            972900220.995,
            973071724.995,
            973243200.995,
            973414730.995,
            973592130.995
        ]
    },
    "bright_contents": [
        "quiesent",
        "quiesent",
        "quiesent",
        "quiesent",
        "quiesent"
    ],
    "aperture": {
        "ann": [
            0.005,
            0.006
        ],
        "rad": 0.0045
    }
}