{
    "NUV": {
        "expt": 28795.0,
        "t0": [
            925374681.995,
            925475269.995,
            925954711.995,
            926167745.995,
            926339316.995,
            929515596.995,
            929687208.995,
            929894385.995,
            952716925.995,
            952876635.995,
            953036332.995,
            953213765.995,
            953385479.995,
            956301566.995,
            956467284.995,
            956644836.995,
            956851961.995,
            983973250.995,
            984144857.995,
            991065071.995
        ],
        "t1": [
            925376140.995,
            925476696.995,
            925955981.995,
            926169074.995,
            926340723.995,
            929517107.995,
            929688614.995,
            929895633.995,
            952718571.995,
            952878299.995,
            953038015.995,
            953215467.995,
            953386994.995,
            956303022.995,
            956468664.995,
            956646175.995,
            956853312.995,
            983974124.995,
            984146466.995,
            991066590.995
        ],
        "nearest_source": {
            "mag": 21.17727,
            "skypos": [
                214.475766064321,
                54.3079428396802
            ],
            "distance": 0.00034270115956281446
        }
    },
    "FUV": {
        "expt": 6893.0,
        "t0": [
            925374681.995,
            925475269.995,
            925954711.995,
            926167745.995,
            926339316.995
        ],
        "t1": [
            925376140.995,
            925476696.995,
            925955981.995,
            926169074.995,
            926340724.995
        ],
        "nearest_source": {
            "mag": 22.39566,
            "skypos": [
                214.475766064321,
                54.3079428396802
            ],
            "distance": 0.00034270115956281446
        }
    },
    "flare": {
        "reject": 0,
        "t_quiesent": -1,
        "t_start": -1,
        "t_end": -1
    },
    "aperture": {
        "rad": 0.0045,
        "ann": [
            0.005,
            0.006
        ]
    }
}