{
    "locks": [],
    "bright": [
        [
            740068582.995,
            740070192.995
        ],
        [
            925966548.995,
            925967819.995
        ],
        [
            929847029.995,
            929848310.995
        ],
        [
            952870715.995,
            952872383.995
        ],
        [
            956840127.995,
            956841475.995
        ]
    ],
    "flares": {
        "quiesent": [],
        "flaring": []
    },
    "FUV": {
        "t1": [
            740070192.995,
            925488527.995,
            925967819.995,
            926180912.995,
            926352562.995
        ],
        "expt": 7060.0,
        "nearest_source": {
            "mag": 21.58214,
            "distance": 0.0037202159508507786,
            "skypos": [
                211.972148717851,
                53.8572701084593
            ]
        },
        "t0": [
            740068582.995,
            925487101.995,
            925966548.995,
            926179579.995,
            926351142.995
        ]
    },
    "NUV": {
        "t1": [
            740070192.995,
            925488527.995,
            925967819.995,
            926180912.995,
            926352561.995,
            929528935.995,
            929700442.995,
            929848310.995,
            952706740.995,
            952872383.995,
            953055096.995,
            953227297.995,
            953404738.995,
            956314853.995,
            956492330.995,
            956658010.995,
            956841475.995,
            983986783.995,
            984158296.995
        ],
        "expt": 27886.0,
        "nearest_source": {
            "mag": 23.79013,
            "distance": 0.0001847011471854201,
            "skypos": [
                211.965783433445,
                53.8582334169558
            ]
        },
        "t0": [
            740068582.995,
            925487101.995,
            925966548.995,
            926179579.995,
            926351142.995,
            929527430.995,
            929699045.995,
            929847029.995,
            952705095.995,
            952870715.995,
            953054096.995,
            953225593.995,
            953403032.995,
            956313402.995,
            956490954.995,
            956656673.995,
            956840127.995,
            983985078.995,
            984156592.995
        ]
    },
    "bright_contents": [
        "quiesent",
        "quiesent",
        "quiesent",
        "flare",
        "quiesent"
    ],
    "aperture": {
        "ann": [
            0.005,
            0.006
        ],
        "rad": 0.0045
    }
}