{
    "locks": [],
    "bright": [
        [
            803119877.995,
            803120971.995
        ],
        [
            806587583.995,
            806588078.995
        ],
        [
            837443387.995,
            837443475.995
        ],
        [
            956928881.995,
            956930253.995
        ],
        [
            987782701.995,
            987784148.995
        ]
    ],
    "flares": {
        "quiesent": [],
        "flaring": []
    },
    "FUV": {
        "t1": [
            829095695.995,
            837219473.995,
            837284542.995,
            837407962.995,
            837432440.995,
            837443475.995,
            837941438.995,
            925890875.995,
            926098042.995,
            926269699.995,
            926275618.995,
            926435416.995,
            926441334.995,
            926607024.995
        ],
        "expt": 15764.0,
        "nearest_source": {
            "mag": 24.01888,
            "distance": 0.003710859065072099,
            "skypos": [
                242.161923403271,
                55.1036810309552
            ]
        },
        "t0": [
            829094639.995,
            837218712.995,
            837283093.995,
            837407876.995,
            837431088.995,
            837443387.995,
            837940223.995,
            925889605.995,
            926096745.995,
            926268323.995,
            926274249.995,
            926433953.995,
            926439897.995,
            926605479.995
        ]
    },
    "NUV": {
        "t1": [
            768413439.995,
            773112080.995,
            799008648.995,
            799415658.995,
            802298072.995,
            802434170.995,
            803120971.995,
            806168052.995,
            806239038.995,
            806268615.995,
            806345487.995,
            806452004.995,
            806457656.995,
            806588077.995,
            829096058.995,
            837219473.995,
            837284542.995,
            837407962.995,
            837432440.995,
            837443475.995,
            837941438.995,
            925890875.995,
            926098042.995,
            926109881.995,
            926269699.995,
            926275618.995,
            926435416.995,
            926441334.995,
            926607023.995,
            929605816.995,
            929783246.995,
            929789135.995,
            929942959.995,
            929948846.995,
            930120468.995,
            930126326.995,
            930303964.995,
            930309868.995,
            930481585.995,
            930487505.995,
            956930253.995,
            956936076.995,
            957279410.995,
            960810408.995,
            960816324.995,
            961011596.995,
            987435023.995,
            987440940.995,
            987606623.995,
            987618458.995,
            987778231.995,
            987784148.995,
            988960638.995,
            988966767.995,
            989132067.995,
            989303412.995,
            989315306.995,
            991385901.995,
            991740826.995,
            991746745.995
        ],
        "expt": 65915.0,
        "nearest_source": {
            "mag": 24.17885,
            "distance": 0.00045015310307843973,
            "skypos": [
                242.156397808234,
                55.1009969268437
            ]
        },
        "t0": [
            768413331.995,
            773111877.995,
            799007081.995,
            799415546.995,
            802296976.995,
            802433178.995,
            803119877.995,
            806166628.995,
            806237638.995,
            806267295.995,
            806344249.995,
            806450904.995,
            806457047.995,
            806587698.995,
            829094639.995,
            837218712.995,
            837283093.995,
            837407876.995,
            837431088.995,
            837443387.995,
            837940223.995,
            925889605.995,
            926096745.995,
            926108576.995,
            926268323.995,
            926274249.995,
            926433953.995,
            926439897.995,
            926605479.995,
            929604356.995,
            929781909.995,
            929787896.995,
            929941746.995,
            929947687.995,
            930119369.995,
            930126069.995,
            930302892.995,
            930308862.995,
            930480434.995,
            930486376.995,
            956928881.995,
            956935224.995,
            957277922.995,
            960809248.995,
            960815210.995,
            961010574.995,
            987433622.995,
            987439539.995,
            987605218.995,
            987617052.995,
            987776785.995,
            987782701.995,
            988959571.995,
            988965669.995,
            989131080.995,
            989302656.995,
            989314426.995,
            991384561.995,
            991739728.995,
            991745765.995
        ]
    },
    "bright_contents": [
        "quiesent",
        "quiesent",
        "quiesent",
        "flare",
        "quiesent"
    ],
    "aperture": {
        "ann": [
            0.005,
            0.006
        ],
        "rad": 0.0045
    }
}