t0,t1,t_mean,t0_data,t1_data,cps_bgsub,cps_bgsub_err,flux_bgsub,flux_bgsub_err,mag_bgsub,mag_bgsub_err_1,mag_bgsub_err_2,cps_mcatbgsub,cps_mcatbgsub_err,flux_mcatbgsub,flux_mcatbgsub_err,mag_mcatbgsub,mag_mcatbgsub_err_1,mag_mcatbgsub_err_2,cps,cps_err,flux,flux_err,mag,mag_err_1,mag_err_2,counts,flat_counts,bg_counts,bg_flat_counts,exptime,bg,mcat_bg,responses,detxs,detys,detrad,racent,deccent,q_mean,flags
949334626.99,949334630.99,949334629.0680001,949334627.11,949334630.765,0.6562583603669839,0.8344948840879272,1.3518922223559867e-16,1.7190594612211298e-16,20.537312877200698,0.8908272852290935,,0.5699745542253709,0.8488505861433189,1.174147581704264e-16,1.7486322074552368e-16,20.69036133102133,0.9901835190090118,,1.571351976553874,0.6633930789852586,3.23698507170098e-16,1.3665897427096327e-16,19.589316309593496,0.38238627223659805,0.5955182182314758,5.0,5.610545383141029,2.0,1.7748627993013546,3.5705210970272203,3.2673610623502207,3.575439212510657,0.8914107234856216,513.3436889648438,709.0532836914062,329.1819010647458,150.5267440485216,1.9875504114065918,7.800000190734863,32.0
