{
    "locks": [],
    "bright": [
        [
            884360054.995,
            884361288.995
        ],
        [
            884378346.995,
            884379005.995
        ],
        [
            889607246.995,
            889608925.995
        ],
        [
            980684638.995,
            980685910.995
        ],
        [
            981885383.995,
            981887044.995
        ]
    ],
    "flares": {
        "quiesent": [],
        "flaring": []
    },
    "FUV": {
        "t1": [
            884361288.995,
            884379005.995,
            885461764.995,
            885479588.995,
            885568313.995,
            885603803.995,
            885940973.995,
            885946888.995,
            886934834.995,
            887916741.995,
            888253984.995,
            888916782.995,
            889289511.995,
            889608925.995,
            890212240.995,
            890401544.995,
            890460708.995
        ],
        "expt": 25258.0,
        "nearest_source": {
            "mag": 23.39338,
            "distance": 0.00019584423206273101,
            "skypos": [
                149.048153489798,
                2.08076993069854
            ]
        },
        "t0": [
            884360054.995,
            884378346.995,
            885460668.995,
            885477891.995,
            885566625.995,
            885602613.995,
            885939318.995,
            885945258.995,
            886933155.995,
            887915176.995,
            888252523.995,
            888915191.995,
            889287836.995,
            889607246.995,
            890210620.995,
            890399972.995,
            890459141.995
        ]
    },
    "NUV": {
        "t1": [
            884361288.995,
            884379005.995,
            885461764.995,
            885479588.995,
            885568313.995,
            885603803.995,
            885940973.995,
            885946888.995,
            886934834.995,
            887916741.995,
            888253984.995,
            888916782.995,
            889289511.995,
            889608925.995,
            890212240.995,
            890401544.995,
            890460707.995,
            949340546.995,
            949506164.995,
            949695466.995,
            949837470.995,
            950032761.995,
            950180725.995,
            950884858.995,
            951032733.995,
            951553113.995,
            951908079.995,
            980526154.995,
            980685910.995,
            980857536.995,
            981023261.995,
            981188588.995,
            981396078.995,
            981561727.995,
            981727352.995,
            981887044.995
        ],
        "expt": 52741.0,
        "nearest_source": {
            "mag": 23.10913,
            "distance": 0.00019584423206273101,
            "skypos": [
                149.048153489798,
                2.08076993069854
            ]
        },
        "t0": [
            884360054.995,
            884378346.995,
            885460668.995,
            885477891.995,
            885566625.995,
            885602613.995,
            885939318.995,
            885945258.995,
            886933155.995,
            887915176.995,
            888252523.995,
            888915191.995,
            889287836.995,
            889607246.995,
            890210620.995,
            890399972.995,
            890459141.995,
            949339048.995,
            949504702.995,
            949694077.995,
            949836122.995,
            950031458.995,
            950179356.995,
            950883207.995,
            951031074.995,
            951551509.995,
            951906459.995,
            980524815.995,
            980684638.995,
            980856236.995,
            981021931.995,
            981187564.995,
            981394564.995,
            981560216.995,
            981725722.995,
            981885383.995
        ]
    },
    "bright_contents": [
        "flare",
        "flare",
        "flare",
        "quiesent",
        "quiesent"
    ],
    "aperture": {
        "ann": [
            0.005,
            0.006
        ],
        "rad": 0.0045
    }
}