{
    "locks": [],
    "bright": [
        [
            987421787.995,
            987423190.995
        ],
        [
            987593390.995,
            987594788.995
        ],
        [
            987764954.995,
            987766396.995
        ],
        [
            991372967.995,
            991374074.995
        ],
        [
            991727893.995,
            991728993.995
        ]
    ],
    "flares": {
        "quiesent": [],
        "flaring": []
    },
    "FUV": {
        "t1": [
            829096081.995,
            837219473.995,
            837284542.995,
            837432440.995,
            837941438.995,
            925879038.995,
            926086204.995,
            926257861.995,
            926423580.995,
            926595190.995
        ],
        "expt": 13206.0,
        "nearest_source": {
            "mag": 23.29752,
            "distance": 0.008950940905254248,
            "skypos": [
                242.176028323903,
                55.8745161156763
            ]
        },
        "t0": [
            829094639.995,
            837218670.995,
            837283093.995,
            837431078.995,
            837940223.995,
            925877767.995,
            926084906.995,
            926256490.995,
            926422124.995,
            926593651.995
        ]
    },
    "NUV": {
        "t1": [
            773112080.995,
            799008648.995,
            799115168.995,
            802126502.995,
            802298072.995,
            802434170.995,
            803121001.995,
            806168052.995,
            806239038.995,
            806268615.995,
            806345518.995,
            806452004.995,
            806457920.995,
            829096081.995,
            837219473.995,
            837284542.995,
            837432440.995,
            837941438.995,
            925879038.995,
            926086204.995,
            926257861.995,
            926423580.995,
            926595189.995,
            929593988.995,
            929771415.995,
            929931127.995,
            930108632.995,
            930292124.995,
            930469744.995,
            956918416.995,
            957303078.995,
            957468739.995,
            960999770.995,
            961159601.995,
            987423190.995,
            987594788.995,
            987766396.995,
            988972651.995,
            989125733.995,
            989297148.995,
            991374074.995,
            991728993.995
        ],
        "expt": 51306.0,
        "nearest_source": {
            "mag": 24.18239,
            "distance": 2.1308146257381047e-05,
            "skypos": [
                242.190817447317,
                55.8779189274273
            ]
        },
        "t0": [
            773111877.995,
            799007066.995,
            799113559.995,
            802125252.995,
            802296976.995,
            802433178.995,
            803119877.995,
            806166628.995,
            806237638.995,
            806267295.995,
            806344161.995,
            806450904.995,
            806457000.995,
            829094639.995,
            837218670.995,
            837283093.995,
            837431078.995,
            837940223.995,
            925877767.995,
            926084906.995,
            926256490.995,
            926422124.995,
            926593651.995,
            929592521.995,
            929770071.995,
            929929906.995,
            930107527.995,
            930291054.995,
            930468599.995,
            956917047.995,
            957301550.995,
            957467147.995,
            960998703.995,
            961158520.995,
            987421787.995,
            987593390.995,
            987764954.995,
            988971399.995,
            989125166.995,
            989296682.995,
            991372967.995,
            991727893.995
        ]
    },
    "bright_contents": [
        "quiesent",
        "quiesent",
        "quiesent",
        "quiesent",
        "quiesent"
    ],
    "aperture": {
        "ann": [
            0.005,
            0.006
        ],
        "rad": 0.0045
    }
}