{
    "locks": [],
    "bright": [
        [
            782662959.995,
            782664402.995
        ],
        [
            787308587.995,
            787309645.995
        ],
        [
            847974186.995,
            847975814.995
        ],
        [
            972385600.995,
            972387024.995
        ],
        [
            973243200.995,
            973244881.995
        ]
    ],
    "flares": {
        "quiesent": [],
        "flaring": []
    },
    "FUV": {
        "t1": [
            753464276.995,
            782599305.995,
            782646647.995,
            782664402.995,
            782670320.995,
            787309645.995,
            816546538.995,
            816752963.995,
            816758963.995,
            845603602.995,
            845692340.995,
            845769245.995,
            846916963.995,
            847011625.995,
            847058955.995,
            847147696.995,
            847236435.995,
            847461226.995,
            847573614.995,
            847691379.995,
            847839779.995,
            847856645.995,
            847869043.995,
            847875267.995,
            847892998.995,
            847904840.995,
            847910754.995,
            847928078.995,
            847975814.995,
            847987643.995,
            848353527.995,
            848437166.995,
            909492253.995,
            909498167.995,
            911296893.995
        ],
        "expt": 47934.0,
        "nearest_source": {
            "mag": 25.41739,
            "distance": 0.003305504209879876,
            "skypos": [
                34.7791341788241,
                -3.51736903258625
            ]
        },
        "t0": [
            753464159.995,
            782597836.995,
            782645198.995,
            782662959.995,
            782668879.995,
            787308587.995,
            816544832.995,
            816751884.995,
            816757826.995,
            845602895.995,
            845691641.995,
            845768221.995,
            846915279.995,
            847009935.995,
            847057263.995,
            847146005.995,
            847234734.995,
            847459523.995,
            847571915.995,
            847690249.995,
            847838116.995,
            847855864.995,
            847867696.995,
            847873612.995,
            847891463.995,
            847903217.995,
            847909108.995,
            847926861.995,
            847974186.995,
            847986019.995,
            848352907.995,
            848435774.995,
            909490578.995,
            909496494.995,
            911295357.995
        ]
    },
    "NUV": {
        "t1": [
            753464276.995,
            782599305.995,
            782646647.995,
            782664402.995,
            782670320.995,
            787309645.995,
            816546538.995,
            816752963.995,
            816758963.995,
            845603602.995,
            845692340.995,
            845769245.995,
            846916963.995,
            847011625.995,
            847058955.995,
            847147696.995,
            847236435.995,
            847461226.995,
            847573614.995,
            847691379.995,
            847839779.995,
            847856645.995,
            847869043.995,
            847875267.995,
            847892998.995,
            847904840.995,
            847910754.995,
            847928078.995,
            847975814.995,
            847987643.995,
            848353527.995,
            848437166.995,
            909492253.995,
            909498167.995,
            911296892.995,
            940768757.995,
            940940290.995,
            941372226.995,
            941543871.995,
            941715515.995,
            941887140.995,
            942058735.995,
            942230302.995,
            944318260.995,
            944495675.995,
            944667171.995,
            944838664.995,
            945010161.995,
            945175757.995,
            945347295.995,
            972043795.995,
            972387024.995,
            972730233.995,
            972901802.995,
            973073350.995,
            973244881.995,
            973416402.995,
            973593834.995
        ],
        "expt": 81285.0,
        "nearest_source": {
            "mag": 24.24667,
            "distance": 0.00041549744719804305,
            "skypos": [
                34.7811615931798,
                -3.52048291542396
            ]
        },
        "t0": [
            753464159.995,
            782597836.995,
            782645198.995,
            782662959.995,
            782668879.995,
            787308587.995,
            816544832.995,
            816751884.995,
            816757826.995,
            845602895.995,
            845691641.995,
            845768221.995,
            846915279.995,
            847009935.995,
            847057263.995,
            847146005.995,
            847234734.995,
            847459523.995,
            847571915.995,
            847690249.995,
            847838116.995,
            847855864.995,
            847867696.995,
            847873612.995,
            847891463.995,
            847903217.995,
            847909108.995,
            847926861.995,
            847974186.995,
            847986019.995,
            848352907.995,
            848435774.995,
            909490578.995,
            909496494.995,
            911295357.995,
            940767248.995,
            940938837.995,
            941370905.995,
            941542549.995,
            941714112.995,
            941885644.995,
            942057168.995,
            942228678.995,
            944316597.995,
            944494034.995,
            944666907.995,
            944837131.995,
            945008703.995,
            945174432.995,
            945346107.995,
            972042423.995,
            972385600.995,
            972728709.995,
            972900220.995,
            973071724.995,
            973243200.995,
            973414730.995,
            973592130.995
        ]
    },
    "bright_contents": [
        "quiesent",
        "quiesent",
        "quiesent",
        "quiesent",
        "quiesent"
    ],
    "aperture": {
        "ann": [
            0.005,
            0.006
        ],
        "rad": 0.0045
    }
}