{
    "NUV": {
        "expt": 34963.0,
        "t0": [
            847969011.995,
            911307160.995,
            940607477.995,
            940779057.995,
            940950673.995,
            941382742.995,
            941554355.995,
            941725989.995,
            941897474.995,
            942068996.995,
            942240506.995,
            944328397.995,
            944505839.995,
            944677379.995,
            945357923.995,
            972054234.995,
            972397432.995,
            972545324.995,
            972740514.995,
            972912024.995,
            973083527.995,
            973255028.995,
            973426553.995,
            973603958.995
        ],
        "t1": [
            847969125.995,
            911308727.995,
            940609072.995,
            940780587.995,
            940952111.995,
            941384064.995,
            941555709.995,
            941727348.995,
            941898976.995,
            942070569.995,
            942242135.995,
            944330089.995,
            944507503.995,
            944678999.995,
            945359128.995,
            972055630.995,
            972398861.995,
            972546412.995,
            972742067.995,
            972913635.995,
            973085181.995,
            973256711.995,
            973428232.995,
            973605664.995
        ],
        "nearest_source": {
            "mag": 23.82125,
            "skypos": [
                37.2864280659662,
                -4.76728669072819
            ],
            "distance": 0.004791481613551196
        }
    },
    "FUV": {
        "expt": 1682.0,
        "t0": [
            847969011.995,
            911307160.995
        ],
        "t1": [
            847969125.995,
            911308728.995
        ],
        "nearest_source": {
            "mag": 23.39908,
            "skypos": [
                37.2949473578729,
                -4.75755192222602
            ],
            "distance": 0.009880953055736625
        }
    },
    "aperture": {
        "rad": 0.0045,
        "ann": [
            0.005,
            0.006
        ]
    },
    "locks": [],
    "flares": {
        "quiesent": [],
        "flaring": []
    },
    "bright": [
        [
            847969011.995,
            847969125.995
        ],
        [
            942068996.995,
            942070569.995
        ],
        [
            972054234.995,
            972055630.995
        ],
        [
            973255028.995,
            973256711.995
        ],
        [
            973603958.995,
            973605664.995
        ]
    ],
    "bright_contents": [
        "bad",
        "quiesent",
        "quiesent",
        "quiesent",
        "quiesent"
    ]
}