t0,t1,t_mean,t0_data,t1_data,cps_bgsub,cps_bgsub_err,flux_bgsub,flux_bgsub_err,mag_bgsub,mag_bgsub_err_1,mag_bgsub_err_2,cps_mcatbgsub,cps_mcatbgsub_err,flux_mcatbgsub,flux_mcatbgsub_err,mag_mcatbgsub,mag_mcatbgsub_err_1,mag_mcatbgsub_err_2,cps,cps_err,flux,flux_err,mag,mag_err_1,mag_err_2,counts,flat_counts,bg_counts,bg_flat_counts,exptime,bg,mcat_bg,responses,detxs,detys,detrad,racent,deccent,q_mean,flags
944087570.99,944087575.99,944087572.6700001,944087571.32,944087573.55,0.9889463240490388,0.4664338588607766,2.0372294275410198e-16,9.608537492531997e-17,20.092068198716653,0.41950934142403895,0.6926901624217692,0.269233473670361,0.6131001605832704,5.546209557609436e-17,1.262986330801537e-16,21.5046773636594,1.2887594504045197,,0.9889463240490388,0.4664338588607766,2.0372294275410198e-16,9.608537492531997e-17,20.092068198716653,0.41950934142403895,0.6926901624217692,4.0,4.4953685569953965,-2.6815615859885194e+154,5e-324,4.545614304515565,0.0,3.271537027824989,0.889853272627951,491.82110595703125,718.131103515625,331.1170707215828,51.83382027460412,-27.7938977575994,7.5,32.0
944087575.99,944087580.99,944087579.0392857,944087577.245,944087580.28,1.3790896836610094,0.679012942888761,2.840924748341679e-16,1.3987666623508476e-16,19.731018725690515,0.4346862929531099,0.7361171518910403,1.0175475211859248,0.7352610764594774,2.096147893643005e-16,1.5146378175065233e-16,20.061113248360307,0.5904494853649318,1.3921616916057928,1.7372603715646027,0.6182638026209969,3.5787563654230813e-16,1.2736234333992536e-16,19.480337717181673,0.330556631327493,0.4775903955661356,7.0,7.895546305031411,1.0,0.884249800279169,4.544826114879121,1.62782349596847,3.2709697576151044,0.8866160719542131,487.2927551269531,719.0304565429688,330.75739946321573,51.83072565542664,-27.791895557920302,6.142857074737549,32.0
