t0,t1,t_mean,t0_data,t1_data,cps_bgsub,cps_bgsub_err,flux_bgsub,flux_bgsub_err,mag_bgsub,mag_bgsub_err_1,mag_bgsub_err_2,cps_mcatbgsub,cps_mcatbgsub_err,flux_mcatbgsub,flux_mcatbgsub_err,mag_mcatbgsub,mag_mcatbgsub_err_1,mag_mcatbgsub_err_2,cps,cps_err,flux,flux_err,mag,mag_err_1,mag_err_2,counts,flat_counts,bg_counts,bg_flat_counts,exptime,bg,mcat_bg,responses,detxs,detys,detrad,racent,deccent,q_mean,flags
775852686.99,775852691.99,775852688.272,775852687.609,775852689.119,-0.18065636325481638,0.693890583570024,-3.7215210830492174e-17,1.4294146021542494e-16,,,,,,,,,,,0.9734534475442512,0.46936137431857,2.0053141019411574e-16,9.668844310962542e-17,20.10921203115613,0.4272385189664476,0.7145132981577014,4.0,4.301457946758491,3.0,2.7702265312358567,4.418760812455755,5.099735205229646,,0.9299433040645646,119.23588562011719,226.19683837890625,330.20603706323715,332.74113718383876,0.6279367741371296,4.25,32.0
775852691.99,775852696.99,775852694.6941111,775852692.578,775852696.973,1.4363322813223838,0.8224357851432168,2.9588444995241105e-16,1.6942177173950266e-16,19.686862696802272,0.4915417948807388,0.922899416580325,,,,,,,,2.2109435177726735,0.7077474323946487,4.554543646611708e-16,1.4579597107329763e-16,19.218555880135053,0.30152615893544166,0.4189050296033976,9.0,9.758851084625308,2.0,1.857259092262416,4.413885296561746,3.4190451471194474,,0.9224023556160041,121.75880432128906,225.95684814453125,328.19077025489986,332.7423706379235,0.6270442534624449,10.11111068725586,32.0
775852696.99,775852700.99,775852700.5856667,775852700.075,775852700.863,0.4526139107956872,0.6303475383631307,9.323846562391156e-17,1.2985159290280494e-16,20.940680256040686,0.9472127486760336,,,,,,,,,0.9283036431677624,0.5125574605163151,1.9123055049255903e-16,1.0558683686636091e-16,20.160774862839702,0.4773301569792423,0.8721544615295578,3.0,3.280159719883015,1.0,0.9130538064355542,3.5334987038182146,1.680849052756361,,0.9146740369137919,121.04501342773438,226.0565948486328,328.74335389355866,332.7436743687667,0.6269248763084346,8.0,32.0
