{
    "locks": [],
    "bright": [
        [
            823019036.995,
            823019146.995
        ],
        [
            888205158.995,
            888205309.995
        ],
        [
            890169319.995,
            890170834.995
        ],
        [
            950173439.995,
            950174758.995
        ],
        [
            981873531.995,
            981875216.995
        ]
    ],
    "flares": {
        "quiesent": [],
        "flaring": []
    },
    "FUV": {
        "t1": [
            764171352.995,
            823012656.995,
            823019146.995,
            826651208.995,
            826971370.995,
            884324754.995,
            884367210.995,
            885444091.995,
            885509164.995,
            885544628.995,
            885597888.995,
            885911396.995,
            885917312.995,
            887041310.995,
            887868677.995,
            888205309.995,
            888211637.995,
            888910091.995,
            889295428.995,
            889638500.995,
            890170834.995,
            890395629.995
        ],
        "expt": 23473.0,
        "nearest_source": {
            "skypos": [
                151.060098828571,
                1.68345001373574
            ],
            "distance": 0.0004017814434770613,
            "mag": 23.70066
        },
        "t0": [
            764169647.995,
            823012545.995,
            823019036.995,
            826651095.995,
            826971253.995,
            884324530.995,
            884365946.995,
            885442396.995,
            885507744.995,
            885543011.995,
            885596524.995,
            885909702.995,
            885915619.995,
            887039605.995,
            887867837.995,
            888205158.995,
            888211071.995,
            888909276.995,
            889293938.995,
            889636815.995,
            890169319.995,
            890394050.995
        ]
    },
    "NUV": {
        "t1": [
            764171352.995,
            794753982.995,
            823012656.995,
            823019146.995,
            826651208.995,
            826971370.995,
            884324754.995,
            884367210.995,
            885444091.995,
            885509164.995,
            885544628.995,
            885597888.995,
            885911396.995,
            885917312.995,
            887041310.995,
            887868677.995,
            888205309.995,
            888211637.995,
            888910091.995,
            889295428.995,
            889638500.995,
            890170834.995,
            890395628.995,
            949328718.995,
            949494333.995,
            949683635.995,
            949825415.995,
            950020925.995,
            950174758.995,
            950873027.995,
            951038649.995,
            951559111.995,
            951724716.995,
            951902165.995,
            980514323.995,
            980674076.995,
            980845541.995,
            981052855.995,
            981218565.995,
            981384246.995,
            981549897.995,
            981715523.995,
            981875216.995,
            984712848.995,
            984731722.995
        ],
        "expt": 54843.0,
        "nearest_source": {
            "skypos": [
                151.061894353999,
                1.68361067206194
            ],
            "distance": 0.0022035009015984467,
            "mag": 24.35246
        },
        "t0": [
            764169647.995,
            794753719.995,
            823012545.995,
            823019036.995,
            826651095.995,
            826971253.995,
            884324530.995,
            884365946.995,
            885442396.995,
            885507744.995,
            885543011.995,
            885596524.995,
            885909702.995,
            885915619.995,
            887039605.995,
            887867837.995,
            888205158.995,
            888211071.995,
            888909276.995,
            889293938.995,
            889636815.995,
            890169319.995,
            890394050.995,
            949327155.995,
            949492838.995,
            949682214.995,
            949824260.995,
            950019563.995,
            950173439.995,
            950871374.995,
            951036963.995,
            951557486.995,
            951723103.995,
            951900520.995,
            980512973.995,
            980672776.995,
            980844401.995,
            981051630.995,
            981217113.995,
            981382717.995,
            981548295.995,
            981713871.995,
            981873531.995,
            984712593.995,
            984730341.995
        ]
    },
    "bright_contents": [
        "quiesent",
        "quiesent",
        "flare",
        "quiesent",
        "quiesent"
    ],
    "aperture": {
        "ann": [
            0.005,
            0.006
        ],
        "rad": 0.0045
    },
    "distance": 489.3018044288672
}