{
    "locks": [],
    "bright": [
        [
            802450944.995,
            802451924.995
        ],
        [
            806060123.995,
            806061578.995
        ],
        [
            806699140.995,
            806700501.995
        ],
        [
            806758375.995,
            806759678.995
        ],
        [
            991402316.995,
            991403644.995
        ]
    ],
    "flares": {
        "quiesent": [],
        "flaring": []
    },
    "FUV": {
        "t1": [
            772225688.995,
            775285077.995,
            806700501.995,
            836917810.995,
            836929634.995,
            837290458.995,
            837408687.995,
            837438356.995,
            837444189.995,
            837704644.995,
            837775674.995,
            891945764.995,
            925908630.995,
            926121720.995,
            926287455.995,
            926453170.995,
            926624775.995
        ],
        "expt": 20683.0,
        "nearest_source": {
            "mag": 23.03371,
            "distance": 0.00078413904804915,
            "skypos": [
                242.383695021935,
                53.6808272622849
            ]
        },
        "t0": [
            772224465.995,
            775283436.995,
            806699140.995,
            836916198.995,
            836928036.995,
            837289132.995,
            837408600.995,
            837436998.995,
            837444101.995,
            837704036.995,
            837774580.995,
            891944059.995,
            925907362.995,
            926120414.995,
            926286070.995,
            926451699.995,
            926623223.995
        ]
    },
    "NUV": {
        "t1": [
            768413580.995,
            772225688.995,
            775285077.995,
            799091497.995,
            799297509.995,
            799415804.995,
            802333573.995,
            802374908.995,
            802451924.995,
            806061578.995,
            806085240.995,
            806108862.995,
            806410592.995,
            806511165.995,
            806617663.995,
            806629496.995,
            806700501.995,
            806759678.995,
            836917810.995,
            836929634.995,
            837290458.995,
            837408687.995,
            837438356.995,
            837444189.995,
            837704644.995,
            837775674.995,
            891945764.995,
            925908630.995,
            926121720.995,
            926287455.995,
            926453170.995,
            926624774.995,
            929623558.995,
            929800990.995,
            929960707.995,
            930138222.995,
            930321725.995,
            930499348.995,
            956948007.995,
            960828157.995,
            964411985.995,
            987452773.995,
            987630293.995,
            987795983.995,
            988884098.995,
            989055479.995,
            989226842.995,
            991403644.995,
            991758580.995
        ],
        "expt": 55942.0,
        "nearest_source": {
            "mag": 22.04783,
            "distance": 0.0002750274189727419,
            "skypos": [
                242.383394390218,
                53.6803497676253
            ]
        },
        "t0": [
            768413479.995,
            772224465.995,
            775283436.995,
            799089890.995,
            799296943.995,
            799415698.995,
            802332505.995,
            802374290.995,
            802450944.995,
            806060123.995,
            806083791.995,
            806108135.995,
            806409264.995,
            806509887.995,
            806616440.995,
            806628399.995,
            806699140.995,
            806758375.995,
            836916198.995,
            836928036.995,
            837289132.995,
            837408600.995,
            837436998.995,
            837444101.995,
            837704036.995,
            837774580.995,
            891944059.995,
            925907362.995,
            926120414.995,
            926286070.995,
            926451699.995,
            926623223.995,
            929622109.995,
            929799666.995,
            929959508.995,
            930137130.995,
            930320649.995,
            930498183.995,
            956946630.995,
            960827009.995,
            964411609.995,
            987451730.995,
            987628884.995,
            987794532.995,
            988882691.995,
            989054196.995,
            989225709.995,
            991402316.995,
            991757486.995
        ]
    },
    "bright_contents": [
        "quiesent",
        "quiesent",
        "quiesent",
        "quiesent",
        "quiesent"
    ],
    "aperture": {
        "ann": [
            0.005,
            0.006
        ],
        "rad": 0.0045
    }
}