{
    "locks": [],
    "bright": [
        [
            826651840.995,
            826651958.995
        ],
        [
            980536647.995,
            980537988.995
        ],
        [
            980696450.995,
            980697747.995
        ],
        [
            980868071.995,
            980869374.995
        ],
        [
            981530555.995,
            981532150.995
        ]
    ],
    "flares": {
        "quiesent": [],
        "flaring": []
    },
    "FUV": {
        "t1": [
            823013372.995,
            826651958.995,
            856560830.995,
            884379051.995,
            885461844.995,
            885568313.995,
            886940751.995,
            887969984.995,
            888224238.995,
            888964121.995,
            888970038.995,
            889242187.995,
            889248103.995,
            889644415.995,
            889685818.995,
            890218156.995,
            890448876.995
        ],
        "expt": 20007.0,
        "nearest_source": {
            "mag": 24.1867,
            "distance": 0.011679099505581651,
            "skypos": [
                149.00931989316,
                1.39435348638297
            ]
        },
        "t0": [
            823013264.995,
            826651840.995,
            856559132.995,
            884378310.995,
            885460143.995,
            885566609.995,
            886939046.995,
            887968434.995,
            888222907.995,
            888963518.995,
            888969579.995,
            889241889.995,
            889246429.995,
            889642991.995,
            889684114.995,
            890216537.995,
            890447306.995
        ]
    },
    "NUV": {
        "t1": [
            794753095.995,
            823013372.995,
            826651958.995,
            856560830.995,
            884379051.995,
            885461844.995,
            885568313.995,
            886940751.995,
            887969984.995,
            888224238.995,
            888964121.995,
            888970038.995,
            889242187.995,
            889248103.995,
            889644415.995,
            889685818.995,
            890218156.995,
            890448875.995,
            949352376.995,
            949517995.995,
            949665886.995,
            949849306.995,
            950003170.995,
            950192563.995,
            950896690.995,
            951062308.995,
            951582769.995,
            951748375.995,
            951919911.995,
            980537988.995,
            980697747.995,
            980869374.995,
            981035099.995,
            981200810.995,
            981366495.995,
            981532150.995,
            981739182.995,
            981898874.995
        ],
        "expt": 50133.0,
        "nearest_source": {
            "mag": 23.60982,
            "distance": 8.082282196986425e-05,
            "skypos": [
                149.006919173221,
                1.40580181451369
            ]
        },
        "t0": [
            794752981.995,
            823013264.995,
            826651840.995,
            856559132.995,
            884378310.995,
            885460143.995,
            885566609.995,
            886939046.995,
            887968434.995,
            888222907.995,
            888963518.995,
            888969579.995,
            889241889.995,
            889246429.995,
            889642991.995,
            889684114.995,
            890216537.995,
            890447306.995,
            949350822.995,
            949516508.995,
            949664460.995,
            949847934.995,
            950001810.995,
            950191164.995,
            950895040.995,
            951060617.995,
            951581079.995,
            951746838.995,
            951918268.995,
            980536647.995,
            980696450.995,
            980868071.995,
            981033744.995,
            981199369.995,
            981364970.995,
            981530555.995,
            981737524.995,
            981897185.995
        ]
    },
    "bright_contents": [
        "quiesent",
        "quiesent",
        "quiesent",
        "quiesent",
        "quiesent"
    ],
    "aperture": {
        "ann": [
            0.005,
            0.006
        ],
        "rad": 0.0045
    }
}