{
    "NUV": {
        "expt": 26947.0,
        "t0": [
            767341796.995,
            825325596.995,
            925469346.995,
            925948792.995,
            926161830.995,
            926334756.995,
            929509679.995,
            929681290.995,
            930024636.995,
            952734670.995,
            952894374.995,
            953065900.995,
            953207850.995,
            953391228.995,
            956295659.995,
            956502816.995,
            956680346.995,
            956834209.995,
            983967615.995,
            984138874.995
        ],
        "t1": [
            767341917.995,
            825327288.995,
            925470781.995,
            925950062.995,
            926163154.995,
            926334806.995,
            929511194.995,
            929682698.995,
            930025789.995,
            952736320.995,
            952896046.995,
            953067591.995,
            953209552.995,
            953392909.995,
            956297108.995,
            956504163.995,
            956681682.995,
            956835556.995,
            983969039.995,
            984140554.995
        ],
        "nearest_source": {
            "mag": 22.37964,
            "skypos": [
                216.162260738549,
                54.0912000176442
            ],
            "distance": 0.00010617216047049294
        }
    },
    "FUV": {
        "expt": 5893.0,
        "t0": [
            767341796.995,
            825325596.995,
            925469346.995,
            925948792.995,
            926161830.995,
            926334756.995
        ],
        "t1": [
            767341917.995,
            825327288.995,
            925470781.995,
            925950062.995,
            926163154.995,
            926334807.995
        ],
        "nearest_source": {
            "mag": 23.56444,
            "skypos": [
                216.162281720937,
                54.0913057910327
            ],
            "distance": 0.0002112987082204085
        }
    },
    "aperture": {
        "rad": 0.0045,
        "ann": [
            0.005,
            0.006
        ]
    },
    "locks": [],
    "flares": {
        "quiesent": [],
        "flaring": []
    }
}