{
    "locks": [],
    "bright": [
        [
            775899270.995,
            775899361.995
        ],
        [
            903592955.995,
            903594091.995
        ],
        [
            937324517.995,
            937326155.995
        ],
        [
            965494333.995,
            965495656.995
        ],
        [
            965648171.995,
            965649540.995
        ]
    ],
    "flares": {
        "quiesent": [],
        "flaring": []
    },
    "FUV": {
        "t1": [
            775893439.995,
            775899361.995,
            843070896.995,
            869428592.995,
            870758944.995,
            870771545.995,
            903250967.995,
            903310120.995,
            903594091.995,
            903913645.995,
            904925421.995,
            906203149.995
        ],
        "expt": 10937.0,
        "nearest_source": {
            "mag": 23.39836,
            "distance": 0.0001267439964517766,
            "skypos": [
                332.715011658193,
                0.959490895291236
            ]
        },
        "t0": [
            775893350.995,
            775899270.995,
            843070784.995,
            869428492.995,
            870758334.995,
            870770167.995,
            903249397.995,
            903308979.995,
            903592955.995,
            903912209.995,
            904923723.995,
            906201573.995
        ]
    },
    "NUV": {
        "t1": [
            775893439.995,
            775899361.995,
            843070896.995,
            869428592.995,
            870758944.995,
            870771545.995,
            903250967.995,
            903310120.995,
            903594091.995,
            903913645.995,
            904925421.995,
            906203148.995,
            934001319.995,
            934190602.995,
            934362167.995,
            934539681.995,
            934711307.995,
            934859270.995,
            935024980.995,
            935232087.995,
            935397491.995,
            935568939.995,
            935734117.995,
            936284959.995,
            936444658.995,
            936616200.995,
            936781652.995,
            936953097.995,
            937160494.995,
            937326155.995,
            937491805.995,
            937657444.995,
            937823072.995,
            937982776.995,
            938183878.995,
            965122857.995,
            965294442.995,
            965495656.995,
            965649540.995,
            965992778.995,
            966164352.995,
            966335899.995,
            966507428.995
        ],
        "expt": 56068.0,
        "nearest_source": {
            "mag": 21.37986,
            "distance": 0.0001267439964517766,
            "skypos": [
                332.715011658193,
                0.959490895291236
            ]
        },
        "t0": [
            775893350.995,
            775899270.995,
            843070784.995,
            869428492.995,
            870758334.995,
            870770167.995,
            903249397.995,
            903308979.995,
            903592955.995,
            903912209.995,
            904923723.995,
            906201573.995,
            933999764.995,
            934189120.995,
            934360748.995,
            934538301.995,
            934709922.995,
            934857848.995,
            935023494.995,
            935230518.995,
            935396119.995,
            935567626.995,
            935733218.995,
            936283277.995,
            936442999.995,
            936614567.995,
            936780230.995,
            936951809.995,
            937159202.995,
            937324517.995,
            937490144.995,
            937655787.995,
            937821374.995,
            937981071.995,
            938182893.995,
            965121505.995,
            965293424.995,
            965494333.995,
            965648171.995,
            965991247.995,
            966162753.995,
            966334248.995,
            966505741.995
        ]
    },
    "bright_contents": [
        "quiesent",
        "flare",
        "quiesent",
        "quiesent",
        "flare"
    ],
    "aperture": {
        "ann": [
            0.005,
            0.006
        ],
        "rad": 0.0045
    },
    "distance": 54.07479849625174
}