{
    "locks": [],
    "bright": [
        [
            818349998.995,
            818351164.995
        ],
        [
            941299887.995,
            941301208.995
        ],
        [
            818521596.995,
            818522890.995
        ],
        [
            845514159.995,
            845514861.995
        ],
        [
            944766113.995,
            944767703.995
        ]
    ],
    "flares": {
        "quiesent": [],
        "flaring": []
    },
    "FUV": {
        "t1": [
            818238444.995,
            818262334.995,
            818280100.995,
            818333398.995,
            818351164.995,
            818403623.995,
            818422227.995,
            818439991.995,
            818457757.995,
            818469599.995,
            818492517.995,
            818505127.995,
            818522890.995,
            818534732.995,
            845165772.995,
            845182180.995,
            845236780.995,
            845248614.995,
            845319617.995,
            845331451.995,
            845402449.995,
            845420200.995,
            845491196.995,
            845514861.995,
            845556273.995,
            845633181.995,
            845798824.995,
            845804739.995,
            846053200.995,
            875788624.995,
            876492652.995,
            913136560.995
        ],
        "expt": 33190.0,
        "nearest_source": {
            "mag": 24.59904,
            "distance": 0.005006164577189885,
            "skypos": [
                51.7638278809402,
                -27.2928576363094
            ]
        },
        "t0": [
            818237546.995,
            818261218.995,
            818279403.995,
            818332243.995,
            818349998.995,
            818403258.995,
            818421010.995,
            818438761.995,
            818457141.995,
            818469423.995,
            818492014.995,
            818503847.995,
            818521596.995,
            818533477.995,
            845165181.995,
            845181918.995,
            845235676.995,
            845247884.995,
            845318288.995,
            845330571.995,
            845400895.995,
            845419245.995,
            845489738.995,
            845514159.995,
            845554591.995,
            845631490.995,
            845797120.995,
            845803037.995,
            846051497.995,
            875788392.995,
            876492414.995,
            913134855.995
        ]
    },
    "NUV": {
        "t1": [
            818238444.995,
            818262334.995,
            818280100.995,
            818333398.995,
            818351164.995,
            818403623.995,
            818422227.995,
            818439991.995,
            818457757.995,
            818469599.995,
            818492517.995,
            818505127.995,
            818522890.995,
            818534732.995,
            845165772.995,
            845182180.995,
            845236780.995,
            845248614.995,
            845319617.995,
            845331451.995,
            845402449.995,
            845420200.995,
            845491196.995,
            845514861.995,
            845556273.995,
            845633181.995,
            845798824.995,
            845804739.995,
            846053200.995,
            875788624.995,
            876492652.995,
            913136559.995,
            941301208.995,
            941472845.995,
            941650411.995,
            941822045.995,
            941987735.995,
            942159314.995,
            943573009.995,
            943750464.995,
            943904253.995,
            944087605.995,
            944259120.995,
            944424711.995,
            944590296.995,
            944767703.995,
            944933282.995,
            945104786.995,
            945282226.995,
            945447873.995,
            945619499.995,
            945797106.995,
            974309507.995,
            974481039.995,
            974658481.995,
            974829998.995,
            975001506.995,
            975178917.995,
            975350405.995,
            975497125.995,
            975521888.995,
            975693368.995,
            975864858.995
        ],
        "expt": 78907.0,
        "nearest_source": {
            "mag": 24.68046,
            "distance": 0.00010158218249137186,
            "skypos": [
                51.758762520962,
                -27.2906959664626
            ]
        },
        "t0": [
            818237546.995,
            818261218.995,
            818279403.995,
            818332243.995,
            818349998.995,
            818403258.995,
            818421010.995,
            818438761.995,
            818457141.995,
            818469423.995,
            818492014.995,
            818503847.995,
            818521596.995,
            818533477.995,
            845165181.995,
            845181918.995,
            845235676.995,
            845247884.995,
            845318288.995,
            845330571.995,
            845400895.995,
            845419245.995,
            845489738.995,
            845514159.995,
            845554591.995,
            845631490.995,
            845797120.995,
            845803037.995,
            846051497.995,
            875788392.995,
            876492414.995,
            913134855.995,
            941299887.995,
            941471537.995,
            941649022.995,
            941820638.995,
            941986194.995,
            942157710.995,
            943571311.995,
            943748762.995,
            943902548.995,
            944085902.995,
            944257423.995,
            944423032.995,
            944588649.995,
            944766113.995,
            944931772.995,
            945103387.995,
            945280959.995,
            945446736.995,
            945618438.995,
            945796017.995,
            974307814.995,
            974479342.995,
            974656779.995,
            974828293.995,
            974999814.995,
            975177229.995,
            975348745.995,
            975496640.995,
            975520280.995,
            975692476.995,
            975863416.995
        ]
    },
    "bright_contents": [
        "quiesent",
        "quiesent",
        "quiesent",
        "quiesent",
        "quiesent"
    ],
    "aperture": {
        "ann": [
            0.005,
            0.006
        ],
        "rad": 0.0045
    }
}