{
    "locks": [],
    "bright": [
        [
            903622220.995,
            903623677.995
        ],
        [
            906231733.995,
            906232733.995
        ],
        [
            934567898.995,
            934569270.995
        ],
        [
            937147045.995,
            937148661.995
        ],
        [
            965322712.995,
            965324030.995
        ]
    ],
    "flares": {
        "quiesent": [],
        "flaring": []
    },
    "FUV": {
        "t1": [
            775817363.995,
            775852873.995,
            777178263.995,
            777184052.995,
            903280543.995,
            903623677.995,
            903943237.995,
            904954532.995,
            906232733.995,
            906285988.995
        ],
        "expt": 10031.0,
        "nearest_source": {
            "mag": 22.00911,
            "distance": 0.005927204473286756,
            "skypos": [
                332.818719025549,
                -0.223154314926287
            ]
        },
        "t0": [
            775817271.995,
            775852798.995,
            777177408.995,
            777183324.995,
            903278982.995,
            903622220.995,
            903941791.995,
            904953294.995,
            906231733.995,
            906284409.995
        ]
    },
    "NUV": {
        "t1": [
            775817363.995,
            775852873.995,
            777178263.995,
            777184052.995,
            811487342.995,
            903280543.995,
            903623677.995,
            903943237.995,
            904954532.995,
            906232733.995,
            906285987.995,
            934030893.995,
            934220101.995,
            934391750.995,
            934569270.995,
            934740900.995,
            934888861.995,
            935054569.995,
            935219915.995,
            935385259.995,
            935556592.995,
            935711253.995,
            936273129.995,
            936474232.995,
            936645778.995,
            936811425.995,
            936982998.995,
            937148661.995,
            937314322.995,
            937479973.995,
            937645612.995,
            937811242.995,
            938012350.995,
            938154304.995,
            965152438.995,
            965324030.995,
            965525248.995,
            965679133.995,
            965850762.995,
            966022361.995,
            966193930.995,
            966365476.995
        ],
        "expt": 55911.0,
        "nearest_source": {
            "mag": 24.8687,
            "distance": 0.00015790344879331567,
            "skypos": [
                332.822310399124,
                -0.227669979582433
            ]
        },
        "t0": [
            775817271.995,
            775852798.995,
            777177408.995,
            777183324.995,
            811487255.995,
            903278982.995,
            903622220.995,
            903941791.995,
            904953294.995,
            906231733.995,
            906284409.995,
            934029349.995,
            934218710.995,
            934390340.995,
            934567898.995,
            934739509.995,
            934887475.995,
            935053072.995,
            935218689.995,
            935384290.995,
            935555798.995,
            935709601.995,
            936271446.995,
            936472579.995,
            936644147.995,
            936809813.995,
            936981391.995,
            937147045.995,
            937312686.995,
            937478313.995,
            937643932.995,
            937809545.995,
            938010645.995,
            938152990.995,
            965151073.995,
            965322712.995,
            965523920.995,
            965677751.995,
            965849300.995,
            966020819.995,
            966192320.995,
            966363815.995
        ]
    },
    "bright_contents": [
        "quiesent",
        "quiesent",
        "quiesent",
        "quiesent",
        "quiesent"
    ],
    "aperture": {
        "ann": [
            0.005,
            0.006
        ],
        "rad": 0.0045
    }
}