{
    "locks": [],
    "bright": [
        [
            847969459.995,
            847969575.995
        ],
        [
            942080825.995,
            942082402.995
        ],
        [
            945198082.995,
            945199416.995
        ],
        [
            971948068.995,
            971948515.995
        ],
        [
            973095355.995,
            973097012.995
        ]
    ],
    "flares": {
        "quiesent": [],
        "flaring": []
    },
    "FUV": {
        "t1": [
            784499150.995,
            844591476.995,
            844680481.995,
            844715993.995,
            844763075.995,
            844822527.995,
            844832931.995,
            845579938.995,
            845656845.995,
            846461369.995,
            847005708.995,
            847053038.995,
            847218688.995,
            847307424.995,
            847467142.995,
            847579528.995,
            847721486.995,
            847969575.995,
            848116857.995,
            848159165.995,
            878964667.995,
            909604619.995,
            911054273.995,
            911320561.995
        ],
        "expt": 30869.0,
        "nearest_source": {
            "mag": 21.59031,
            "distance": 0.0003686576618398939,
            "skypos": [
                36.1976018416208,
                -5.74074451467888
            ]
        },
        "t0": [
            784497445.995,
            844590218.995,
            844678991.995,
            844715044.995,
            844761840.995,
            844822440.995,
            844832848.995,
            845578540.995,
            845655152.995,
            846460041.995,
            847004019.995,
            847051347.995,
            847216988.995,
            847305746.995,
            847465438.995,
            847577830.995,
            847719802.995,
            847969459.995,
            848116185.995,
            848157607.995,
            878963881.995,
            909602971.995,
            911052828.995,
            911318987.995
        ]
    },
    "NUV": {
        "t1": [
            784499150.995,
            844591476.995,
            844680481.995,
            844715993.995,
            844763075.995,
            844822527.995,
            844832931.995,
            845579938.995,
            845656845.995,
            846461369.995,
            847005708.995,
            847053038.995,
            847218688.995,
            847307424.995,
            847467142.995,
            847579528.995,
            847721486.995,
            847969575.995,
            848116857.995,
            848159165.995,
            878964667.995,
            909604619.995,
            911054273.995,
            911320560.995,
            940620894.995,
            940792417.995,
            940963920.995,
            941395866.995,
            941567547.995,
            941739190.995,
            941910802.995,
            942082402.995,
            942253966.995,
            944341916.995,
            944519303.995,
            945033773.995,
            945199416.995,
            945370960.995,
            971948519.995,
            972221321.995,
            972564557.995,
            972753900.995,
            972925466.995,
            973097012.995,
            973268541.995,
            973440061.995,
            973617491.995,
            976486036.995
        ],
        "expt": 63664.0,
        "nearest_source": {
            "mag": 22.12398,
            "distance": 0.0003686576618398939,
            "skypos": [
                36.1976018416208,
                -5.74074451467888
            ]
        },
        "t0": [
            784497445.995,
            844590218.995,
            844678991.995,
            844715044.995,
            844761840.995,
            844822440.995,
            844832848.995,
            845578540.995,
            845655152.995,
            846460041.995,
            847004019.995,
            847051347.995,
            847216988.995,
            847305746.995,
            847465438.995,
            847577830.995,
            847719802.995,
            847969459.995,
            848116185.995,
            848157607.995,
            878963881.995,
            909602971.995,
            911052828.995,
            911318987.995,
            940619310.995,
            940790892.995,
            940962510.995,
            941394965.995,
            941566402.995,
            941737853.995,
            941909303.995,
            942080825.995,
            942252339.995,
            944340227.995,
            944517673.995,
            945032420.995,
            945198082.995,
            945369790.995,
            971948068.995,
            972220218.995,
            972563070.995,
            972752347.995,
            972923852.995,
            973095355.995,
            973266856.995,
            973438361.995,
            973615786.995,
            976485976.995
        ]
    },
    "bright_contents": [
        "quiesent",
        "quiesent",
        "quiesent",
        "quiesent",
        "quiesent"
    ],
    "aperture": {
        "ann": [
            0.005,
            0.006
        ],
        "rad": 0.0045
    }
}