{
    "locks": [],
    "bright": [
        [
            845260096.995,
            845260448.995
        ],
        [
            818409174.995,
            818410048.995
        ],
        [
            818463351.995,
            818463678.995
        ],
        [
            875787591.995,
            875787688.995
        ],
        [
            974301899.995,
            974303592.995
        ]
    ],
    "flares": {
        "quiesent": [],
        "flaring": []
    },
    "FUV": {
        "t1": [
            817315424.995,
            818232136.995,
            818256412.995,
            818274177.995,
            818321033.995,
            818345241.995,
            818368930.995,
            818410048.995,
            818428149.995,
            818451835.995,
            818463678.995,
            818486210.995,
            818499206.995,
            818516968.995,
            818528810.995,
            844887629.995,
            844893548.995,
            844905384.995,
            845230863.995,
            845260448.995,
            845337367.995,
            845396534.995,
            845432032.995,
            845485279.995,
            845520777.995,
            845550357.995,
            845639097.995,
            845881643.995,
            845887559.995,
            846159683.995,
            846170695.995,
            875787688.995,
            876491650.995,
            913130645.995
        ],
        "expt": 34130.0,
        "nearest_source": {
            "skypos": [
                52.5757698063199,
                -28.533916827617
            ],
            "distance": 0.0002184441706203478,
            "mag": 25.03024
        },
        "t0": [
            817313975.995,
            818231621.995,
            818255299.995,
            818273168.995,
            818320406.995,
            818344175.995,
            818368291.995,
            818409174.995,
            818426927.995,
            818450884.995,
            818463351.995,
            818486097.995,
            818497930.995,
            818515680.995,
            818527513.995,
            844886497.995,
            844892775.995,
            844905115.995,
            845229435.995,
            845260096.995,
            845336602.995,
            845394876.995,
            845431502.995,
            845483609.995,
            845520255.995,
            845548676.995,
            845637405.995,
            845879939.995,
            845885854.995,
            846157985.995,
            846169817.995,
            875787591.995,
            876491545.995,
            913128940.995
        ]
    },
    "NUV": {
        "t1": [
            817315424.995,
            818232136.995,
            818256412.995,
            818274177.995,
            818321033.995,
            818345241.995,
            818368930.995,
            818410048.995,
            818428149.995,
            818451835.995,
            818463678.995,
            818486210.995,
            818499206.995,
            818516968.995,
            818528810.995,
            844887629.995,
            844893548.995,
            844905384.995,
            845230863.995,
            845260448.995,
            845337367.995,
            845396534.995,
            845432032.995,
            845485279.995,
            845520777.995,
            845550357.995,
            845639097.995,
            845881643.995,
            845887559.995,
            846159683.995,
            846170695.995,
            875787688.995,
            876491650.995,
            913130644.995,
            941295290.995,
            941466926.995,
            941644493.995,
            941816127.995,
            941981818.995,
            942153398.995,
            943567094.995,
            943744549.995,
            943898338.995,
            944081691.995,
            944253206.995,
            944418797.995,
            944584382.995,
            944744048.995,
            944761789.995,
            944927369.995,
            945098872.995,
            945276310.995,
            945441957.995,
            945613580.995,
            945791185.995,
            974303592.995,
            974475124.995,
            974652566.995,
            974824083.995,
            974995593.995,
            975155263.995,
            975344492.995,
            975515974.995,
            975687456.995,
            975858944.995
        ],
        "expt": 80024.0,
        "nearest_source": {
            "skypos": [
                52.5757698063199,
                -28.533916827617
            ],
            "distance": 0.0002184441706203478,
            "mag": 24.8444
        },
        "t0": [
            817313975.995,
            818231621.995,
            818255299.995,
            818273168.995,
            818320406.995,
            818344175.995,
            818368291.995,
            818409174.995,
            818426927.995,
            818450884.995,
            818463351.995,
            818486097.995,
            818497930.995,
            818515680.995,
            818527513.995,
            844886497.995,
            844892775.995,
            844905115.995,
            845229435.995,
            845260096.995,
            845336602.995,
            845394876.995,
            845431502.995,
            845483609.995,
            845520255.995,
            845548676.995,
            845637405.995,
            845879939.995,
            845885854.995,
            846157985.995,
            846169817.995,
            875787591.995,
            876491545.995,
            913128940.995,
            941293963.995,
            941465594.995,
            941643105.995,
            941814663.995,
            941980280.995,
            942151795.995,
            943565396.995,
            943742847.995,
            943896633.995,
            944079986.995,
            944251508.995,
            944417117.995,
            944582735.995,
            944742461.995,
            944760197.995,
            944925856.995,
            945097464.995,
            945275039.995,
            945440815.995,
            945612519.995,
            945790099.995,
            974301899.995,
            974473623.995,
            974650865.995,
            974822379.995,
            974993889.995,
            975154302.995,
            975342830.995,
            975515141.995,
            975685913.995,
            975857498.995
        ]
    },
    "bright_contents": [
        "quiesent",
        "quiesent",
        "quiesent",
        "quiesent",
        "quiesent"
    ],
    "aperture": {
        "ann": [
            0.005,
            0.006
        ],
        "rad": 0.0045
    }
}