{
    "locks": [],
    "bright": [
        [
            903616307.995,
            903617760.995
        ],
        [
            934023432.995,
            934024978.995
        ],
        [
            934733592.995,
            934734981.995
        ],
        [
            965316792.995,
            965318112.995
        ],
        [
            965518003.995,
            965519330.995
        ]
    ],
    "flares": {
        "quiesent": [],
        "flaring": []
    },
    "FUV": {
        "t1": [
            903274628.995,
            903617760.995,
            903937318.995,
            904949081.995,
            906226817.995
        ],
        "expt": 7735.0,
        "nearest_source": {
            "mag": 21.38708,
            "distance": 0.012403764156421014,
            "skypos": [
                334.019585280341,
                -1.02098401683347
            ]
        },
        "t0": [
            903273065.995,
            903616307.995,
            903935875.995,
            904947381.995,
            906225241.995
        ]
    },
    "NUV": {
        "t1": [
            903274628.995,
            903617760.995,
            903937318.995,
            904949081.995,
            906226816.995,
            934024978.995,
            934214264.995,
            934385834.995,
            934563353.995,
            934734981.995,
            934882943.995,
            935048531.995,
            935213912.995,
            935379422.995,
            935550625.995,
            935705339.995,
            935841375.995,
            936308616.995,
            936468318.995,
            936639862.995,
            936805509.995,
            936977082.995,
            937142744.995,
            937308395.995,
            937474057.995,
            937639698.995,
            937846732.995,
            938006435.995,
            938160219.995,
            965146521.995,
            965318112.995,
            965519330.995,
            965673214.995,
            965844844.995,
            966016445.995,
            966188016.995,
            966359559.995,
            967648942.995,
            967826416.995,
            969742886.995
        ],
        "expt": 57590.0,
        "nearest_source": {
            "mag": 22.74707,
            "distance": 0.0005237472475465259,
            "skypos": [
                334.012689087414,
                -1.01111187245117
            ]
        },
        "t0": [
            903273065.995,
            903616307.995,
            903935875.995,
            904947381.995,
            906225241.995,
            934023432.995,
            934212792.995,
            934384422.995,
            934561975.995,
            934733592.995,
            934881513.995,
            935047156.995,
            935212779.995,
            935378375.995,
            935549884.995,
            935703648.995,
            935840671.995,
            936306939.995,
            936466668.995,
            936638232.995,
            936803936.995,
            936975499.995,
            937141129.995,
            937306795.995,
            937472398.995,
            937638022.995,
            937845033.995,
            938004730.995,
            938158517.995,
            965145154.995,
            965316792.995,
            965518003.995,
            965671846.995,
            965843385.995,
            966014905.995,
            966186448.995,
            966358677.995,
            967647305.995,
            967824780.995,
            969742221.995
        ]
    },
    "bright_contents": [
        "quiesent",
        "quiesent",
        "quiesent",
        "quiesent",
        "quiesent"
    ],
    "aperture": {
        "ann": [
            0.005,
            0.006
        ],
        "rad": 0.0045
    }
}