t0,t1,t_mean,t0_data,t1_data,cps_bgsub,cps_bgsub_err,flux_bgsub,flux_bgsub_err,mag_bgsub,mag_bgsub_err_1,mag_bgsub_err_2,cps_mcatbgsub,cps_mcatbgsub_err,flux_mcatbgsub,flux_mcatbgsub_err,mag_mcatbgsub,mag_mcatbgsub_err_1,mag_mcatbgsub_err_2,cps,cps_err,flux,flux_err,mag,mag_err_1,mag_err_2,counts,flat_counts,bg_counts,bg_flat_counts,exptime,bg,mcat_bg,responses,detxs,detys,detrad,racent,deccent,q_mean,flags
754494821.99,754494826.99,754494823.0366668,754494822.765,754494823.48,0.3982306989090631,0.5011666810258419,8.2035523975267e-17,1.0324033629132343e-16,21.079663160037537,0.8845422052268894,,,,,,,,,0.7621237750951384,0.4123087013123205,1.569974976695985e-16,8.493559247033803e-17,20.374936224946705,0.4695063554944099,0.8454674760356191,3.0,3.416693485777052,1.0,0.8861800311111157,4.483121505231266,1.6313768754545537,,0.878075624002256,557.5613403320312,176.5672149658203,273.400412207729,52.48900060167893,-28.036659351049398,11.0,0.0
754494826.99,754494831.99,754494828.69,754494828.69,754494828.69,0.41821267265124046,0.390450216658234,8.615181056615554e-17,8.04327446315962e-17,21.026507028394633,0.71592581133525,2.94484826374147,,,,,,,,0.41821267265124046,0.390450216658234,8.615181056615554e-17,8.04327446315962e-17,21.026507028394633,0.71592581133525,2.94484826374147,1.0,1.1472631412166618,1e-323,1e-323,2.7432529338330154,0.0,,0.8716396126345604,554.8782958984375,179.5043182373047,269.4543230612561,52.4857228756325,-28.0383070003627,14.0,0.0
754494836.99,754494841.99,754494839.3083334,754494838.695,754494839.635,0.7558087671439158,0.41106205303505305,1.5569660603164664e-16,8.467878292522093e-17,20.383970186776068,0.4715271358253226,0.8522794745537396,,,,,,,,0.7558087671439158,0.41106205303505305,1.5569660603164664e-16,8.467878292522093e-17,20.383970186776068,0.4715271358253226,0.8522794745537396,3.0,3.380719017339848,2e-323,2e-323,4.472982008551001,0.0,,0.8876524468266026,552.9821166992188,181.3310546875,266.870072645575,52.48749449649557,-28.035838469220867,12.666666984558105,0.0
